{
  "1": {
    "id": "1",
    "category": "telegram",
    "name": "Telegram-бот базовый",
    "description": "Простой бот с базовыми командами",
    "price": 5000,
    "icon": "🤖",
    "active": true
  },
  "2": {
    "id": "2",
    "category": "web",
    "name": "Landing Page",
    "description": "Одностраничный сайт-визитка",
    "price": 8000,
    "icon": "🌐",
    "active": true
  },
  "3": {
    "id": "3",
    "category": "panel",
    "name": "Админ-панель",
    "description": "Мини-панель управления",
    "price": 12000,
    "icon": "⚙️",
    "active": true
  }
}